Date,Total_Demand
2012-01-05,149300.0
2012-01-06,152200.0
2012-01-10,48400.0
2012-01-11,33900.0
2012-01-12,26600.0
2012-01-13,1500.0
2012-01-16,86800.0
2012-01-17,178400.0
2012-01-18,52500.0
2012-01-19,29300.0
2012-01-20,13000.0
2012-01-23,213600.0
2012-01-24,41100.0
2012-01-25,64000.0
2012-01-26,73000.0
2012-01-27,21000.0
2012-01-30,23000.0
2012-01-31,64500.0
2012-02-01,46700.0
2012-02-02,3300.0
2012-02-03,13100.0
2012-02-06,44600.0
2012-02-07,63900.0
2012-02-08,57000.0
2012-02-09,5100.0
2012-02-10,49000.0
2012-02-13,21100.0
2012-02-14,28200.0
2012-02-15,116600.0
2012-02-16,27500.0
2012-02-17,13000.0
2012-02-20,166000.0
2012-02-21,55000.0
2012-02-22,53000.0
2012-02-23,36500.0
2012-02-24,22100.0
2012-02-27,79000.0
2012-02-28,80000.0
2012-02-29,66600.0
2012-03-01,5600.0
2012-03-02,61000.0
2012-03-05,31000.0
2012-03-06,58300.0
2012-03-07,50200.0
2012-03-08,21200.0
2012-03-09,80300.0
2012-03-12,82200.0
2012-03-13,108500.0
2012-03-14,156000.0
2012-03-15,90500.0
2012-03-16,21600.0
2012-03-21,32600.0
2012-03-22,42400.0
2012-03-23,126500.0
2012-03-26,65800.0
2012-03-27,65600.0
2012-03-28,66100.0
2012-03-29,71000.0
2012-03-30,101300.0
2012-04-01,5000.0
2012-04-02,39900.0
2012-04-03,88800.0
2012-04-04,33500.0
2012-04-05,30500.0
2012-04-06,98000.0
2012-04-09,108500.0
2012-04-10,51000.0
2012-04-11,33000.0
2012-04-12,18300.0
2012-04-13,30500.0
2012-04-15,20000.0
2012-04-16,115000.0
2012-04-17,65700.0
2012-04-18,59300.0
2012-04-19,160500.0
2012-04-20,50500.0
2012-04-23,65400.0
2012-04-24,90100.0
2012-04-25,56000.0
2012-04-26,43300.0
2012-04-27,31500.0
2012-05-01,60600.0
2012-05-02,21000.0
2012-05-07,65600.0
2012-05-08,16100.0
2012-05-09,98000.0
2012-05-10,62200.0
2012-05-11,95300.0
2012-05-14,23500.0
2012-05-15,52500.0
2012-05-16,24000.0
2012-05-17,29000.0
2012-05-18,39000.0
2012-05-21,65300.0
2012-05-22,53000.0
2012-05-23,4200.0
2012-05-24,31000.0
2012-05-25,38600.0
2012-05-28,92000.0
2012-05-29,21500.0
2012-05-30,15300.0
2012-05-31,72000.0
2012-06-01,93000.0
2012-06-04,60500.0
2012-06-05,70500.0
2012-06-06,32600.0
2012-06-07,30000.0
2012-06-08,77000.0
2012-06-11,103500.0
2012-06-12,31100.0
2012-06-13,58600.0
2012-06-14,16200.0
2012-06-15,31000.0
2012-06-18,119100.0
2012-06-19,233200.0
2012-06-20,31000.0
2012-06-21,121600.0
2012-06-22,40000.0
2012-06-25,16000.0
2012-06-26,53100.0
2012-06-27,60000.0
2012-06-28,67000.0
2012-06-29,26500.0
2012-07-02,46000.0
2012-07-03,95000.0
2012-07-04,78500.0
2012-07-05,73700.0
2012-07-06,10000.0
2012-07-09,30000.0
2012-07-10,18000.0
2012-07-11,56900.0
2012-07-12,2000.0
2012-07-13,23300.0
2012-07-17,65300.0
2012-07-18,44500.0
2012-07-19,50000.0
2012-07-20,40100.0
2012-07-23,125500.0
2012-07-24,14300.0
2012-07-25,103000.0
2012-07-26,43000.0
2012-07-27,46000.0
2012-07-30,40300.0
2012-07-31,56100.0
2012-08-01,74200.0
2012-08-02,26100.0
2012-08-03,93300.0
2012-08-06,55000.0
2012-08-07,35100.0
2012-08-08,26300.0
2012-08-09,55000.0
2012-08-10,72000.0
2012-08-14,20000.0
2012-08-15,50000.0
2012-08-16,23500.0
2012-08-17,5200.0
2012-08-20,31100.0
2012-08-21,74200.0
2012-08-22,35200.0
2012-08-23,106200.0
2012-08-24,37000.0
2012-08-27,98500.0
2012-08-28,47500.0
2012-08-29,5300.0
2012-08-30,34300.0
2012-08-31,14500.0
2012-09-02,100.0
2012-09-03,166700.0
2012-09-04,64900.0
2012-09-05,36500.0
2012-09-06,37000.0
2012-09-07,84000.0
2012-09-10,36000.0
2012-09-11,63600.0
2012-09-12,97000.0
2012-09-13,58000.0
2012-09-14,61000.0
2012-09-18,25500.0
2012-09-19,59800.0
2012-09-20,56300.0
2012-09-21,35300.0
2012-09-24,101000.0
2012-09-25,65000.0
2012-09-26,68000.0
2012-09-27,23000.0
2012-09-28,63400.0
2012-10-01,89200.0
2012-10-02,101400.0
2012-10-03,83000.0
2012-10-04,91500.0
2012-10-05,55100.0
2012-10-09,18500.0
2012-10-10,92500.0
2012-10-11,92200.0
2012-10-12,18000.0
2012-10-15,145200.0
2012-10-16,45100.0
2012-10-17,45300.0
2012-10-18,44300.0
2012-10-19,84300.0
2012-10-22,45600.0
2012-10-23,15700.0
2012-10-24,121100.0
2012-10-25,102400.0
2012-10-26,106000.0
2012-10-29,20500.0
2012-10-30,79700.0
2012-10-31,81400.0
2012-11-01,77200.0
2012-11-02,92000.0
2012-11-05,142000.0
2012-11-06,71500.0
2012-11-07,39700.0
2012-11-08,13400.0
2012-11-09,17000.0
2012-11-12,48200.0
2012-11-13,37300.0
2012-11-14,23800.0
2012-11-15,74000.0
2012-11-16,86000.0
2012-11-19,25000.0
2012-11-20,86700.0
2012-11-21,103600.0
2012-11-22,32100.0
2012-11-26,87000.0
2012-11-27,59600.0
2012-11-28,61000.0
2012-11-29,42500.0
2012-11-30,143100.0
2012-12-03,71000.0
2012-12-04,69200.0
2012-12-05,31800.0
2012-12-06,97600.0
2012-12-07,87600.0
2012-12-10,36500.0
2012-12-11,131500.0
2012-12-12,43500.0
2012-12-13,59300.0
2012-12-14,46500.0
2012-12-17,102800.0
2012-12-18,102600.0
2012-12-19,96500.0
2012-12-20,66000.0
2012-12-21,9300.0
2012-12-25,93600.0
2012-12-26,76100.0
2012-12-27,40500.0
2012-12-28,2000.0
2013-01-07,136300.0
2013-01-08,40600.0
2013-01-09,133700.0
2013-01-10,41600.0
2013-01-11,43500.0
2013-01-15,45700.0
2013-01-16,139000.0
2013-01-17,71200.0
2013-01-18,41500.0
2013-01-21,31000.0
2013-01-22,131000.0
2013-01-23,30500.0
2013-01-24,51000.0
2013-01-25,33300.0
2013-01-28,31000.0
2013-01-29,61000.0
2013-01-30,19900.0
2013-01-31,87500.0
2013-02-01,58100.0
2013-02-03,10000.0
2013-02-04,37100.0
2013-02-05,48000.0
2013-02-06,95000.0
2013-02-07,100000.0
2013-02-08,91500.0
2013-02-12,82500.0
2013-02-13,156100.0
2013-02-14,41600.0
2013-02-15,89000.0
2013-02-18,21400.0
2013-02-19,136500.0
2013-02-20,900.0
2013-02-21,60500.0
2013-02-22,71000.0
2013-02-25,70200.0
2013-02-26,3100.0
2013-02-27,49500.0
2013-02-28,88700.0
2013-03-01,113200.0
2013-03-04,114100.0
2013-03-05,70600.0
2013-03-06,59000.0
2013-03-07,24100.0
2013-03-08,26300.0
2013-03-11,59700.0
2013-03-12,91700.0
2013-03-13,69000.0
2013-03-14,47100.0
2013-03-15,40300.0
2013-03-18,108000.0
2013-03-19,117500.0
2013-03-21,54500.0
2013-03-22,124000.0
2013-03-25,182000.0
2013-03-26,117000.0
2013-03-27,71000.0
2013-03-28,1000.0
2013-03-29,171400.0
2013-04-01,126900.0
2013-04-02,96200.0
2013-04-03,70900.0
2013-04-04,24000.0
2013-04-05,121400.0
2013-04-08,2000.0
2013-04-09,74200.0
2013-04-10,10000.0
2013-04-11,31600.0
2013-04-12,54100.0
2013-04-15,68800.0
2013-04-16,77100.0
2013-04-17,50500.0
2013-04-18,5500.0
2013-04-19,17500.0
2013-04-22,99600.0
2013-04-23,55100.0
2013-04-24,95900.0
2013-04-25,8100.0
2013-04-26,61200.0
2013-04-30,26900.0
2013-05-01,101300.0
2013-05-02,36600.0
2013-05-07,83500.0
2013-05-08,102300.0
2013-05-09,21700.0
2013-05-10,53500.0
2013-05-13,97000.0
2013-05-14,27400.0
2013-05-15,59000.0
2013-05-16,9000.0
2013-05-17,118200.0
2013-05-20,70000.0
2013-05-21,78200.0
2013-05-22,21500.0
2013-05-23,94200.0
2013-05-24,14000.0
2013-05-27,63100.0
2013-05-28,40800.0
2013-05-29,2200.0
2013-05-30,88900.0
2013-05-31,15000.0
2013-06-03,137800.0
2013-06-04,49100.0
2013-06-05,32000.0
2013-06-06,119000.0
2013-06-07,15000.0
2013-06-10,35000.0
2013-06-11,38200.0
2013-06-12,32500.0
2013-06-13,72700.0
2013-06-14,63000.0
2013-06-17,59600.0
2013-06-18,59000.0
2013-06-19,104800.0
2013-06-20,10700.0
2013-06-21,39200.0
2013-06-24,88000.0
2013-06-25,26800.0
2013-06-26,81000.0
2013-06-27,94500.0
2013-06-28,122200.0
2013-07-01,84500.0
2013-07-02,59400.0
2013-07-03,105300.0
2013-07-04,40400.0
2013-07-05,3000.0
2013-07-08,55200.0
2013-07-09,11200.0
2013-07-10,69000.0
2013-07-11,35600.0
2013-07-12,41000.0
2013-07-16,31000.0
2013-07-17,70500.0
2013-07-18,116100.0
2013-07-19,59000.0
2013-07-22,67000.0
2013-07-23,28000.0
2013-07-24,43900.0
2013-07-25,35200.0
2013-07-26,86000.0
2013-07-29,72000.0
2013-07-30,60500.0
2013-07-31,31500.0
2013-08-01,150500.0
2013-08-02,76000.0
2013-08-05,38800.0
2013-08-06,57300.0
2013-08-07,24500.0
2013-08-08,64200.0
2013-08-09,92300.0
2013-08-12,115000.0
2013-08-13,10000.0
2013-08-14,10000.0
2013-08-16,33000.0
2013-08-19,54000.0
2013-08-20,56600.0
2013-08-21,78500.0
2013-08-22,61800.0
2013-08-23,39000.0
2013-08-26,82000.0
2013-08-27,26000.0
2013-08-28,88700.0
2013-08-29,100.0
2013-08-30,88800.0
2013-09-02,124700.0
2013-09-03,31200.0
2013-09-04,75500.0
2013-09-05,40000.0
2013-09-06,63100.0
2013-09-09,50200.0
2013-09-10,55900.0
2013-09-11,59100.0
2013-09-12,25600.0
2013-09-13,105000.0
2013-09-17,63500.0
2013-09-18,9500.0
2013-09-19,34800.0
2013-09-20,38700.0
2013-09-24,125300.0
2013-09-25,34000.0
2013-09-26,68800.0
2013-09-27,19000.0
2013-09-30,76500.0
2013-10-01,221700.0
2013-10-02,23000.0
2013-10-03,47000.0
2013-10-04,147000.0
2013-10-07,32200.0
2013-10-08,47700.0
2013-10-09,20500.0
2013-10-10,113000.0
2013-10-11,66200.0
2013-10-14,1000.0
2013-10-15,202600.0
2013-10-16,11000.0
2013-10-17,59200.0
2013-10-18,156200.0
2013-10-21,110500.0
2013-10-22,26100.0
2013-10-23,110100.0
2013-10-24,20900.0
2013-10-25,40200.0
2013-10-28,171200.0
2013-10-29,57200.0
2013-10-30,36400.0
2013-10-31,40800.0
2013-11-01,30000.0
2013-11-05,113000.0
2013-11-06,91000.0
2013-11-07,38100.0
2013-11-08,82400.0
2013-11-11,111200.0
2013-11-12,47300.0
2013-11-13,100800.0
2013-11-14,52000.0
2013-11-15,132300.0
2013-11-17,25000.0
2013-11-18,32600.0
2013-11-19,36200.0
2013-11-20,58100.0
2013-11-21,181900.0
2013-11-22,27000.0
2013-11-25,40300.0
2013-11-26,50200.0
2013-11-27,36000.0
2013-11-28,58200.0
2013-11-29,41200.0
2013-12-02,51300.0
2013-12-03,64500.0
2013-12-04,23500.0
2013-12-05,103800.0
2013-12-06,86000.0
2013-12-09,29800.0
2013-12-10,52200.0
2013-12-11,90100.0
2013-12-12,115500.0
2013-12-13,9300.0
2013-12-16,59500.0
2013-12-17,108000.0
2013-12-18,28000.0
2013-12-19,49100.0
2013-12-20,26000.0
2013-12-24,107000.0
2013-12-25,157300.0
2013-12-26,57000.0
2014-01-06,43200.0
2014-01-07,41500.0
2014-01-08,42700.0
2014-01-09,139100.0
2014-01-10,86200.0
2014-01-13,15000.0
2014-01-14,45700.0
2014-01-15,93600.0
2014-01-16,77000.0
2014-01-17,23500.0
2014-01-20,124000.0
2014-01-21,46300.0
2014-01-22,100000.0
2014-01-23,33000.0
2014-01-24,16000.0
2014-01-27,57500.0
2014-01-28,37900.0
2014-01-29,43800.0
2014-01-30,21000.0
2014-01-31,95300.0
2014-02-03,83800.0
2014-02-04,109100.0
2014-02-05,89000.0
2014-02-06,60500.0
2014-02-10,34700.0
2014-02-12,98300.0
2014-02-13,67600.0
2014-02-14,38000.0
2014-02-17,63900.0
2014-02-18,39400.0
2014-02-19,82300.0
2014-02-20,20200.0
2014-02-21,83300.0
2014-02-24,75000.0
2014-02-25,125800.0
2014-02-26,37100.0
2014-02-27,38000.0
2014-02-28,105000.0
2014-03-03,60100.0
2014-03-04,78500.0
2014-03-05,113400.0
2014-03-06,97000.0
2014-03-07,35100.0
2014-03-10,13900.0
2014-03-11,140000.0
2014-03-12,49000.0
2014-03-13,102000.0
2014-03-14,19000.0
2014-03-16,60000.0
2014-03-17,60500.0
2014-03-18,67000.0
2014-03-19,116700.0
2014-03-20,91000.0
2014-03-24,58000.0
2014-03-25,74900.0
2014-03-26,91300.0
2014-03-27,66000.0
2014-03-28,13800.0
2014-03-31,372000.0
2014-04-01,67000.0
2014-04-02,96800.0
2014-04-03,42000.0
2014-04-04,48500.0
2014-04-07,39000.0
2014-04-08,53200.0
2014-04-09,44900.0
2014-04-10,43700.0
2014-04-11,5000.0
2014-04-14,32000.0
2014-04-15,131000.0
2014-04-16,82500.0
2014-04-17,51800.0
2014-04-18,31700.0
2014-04-21,94000.0
2014-04-22,145300.0
2014-04-23,76100.0
2014-04-24,49300.0
2014-04-25,47700.0
2014-04-28,57300.0
2014-04-30,51500.0
2014-05-01,55000.0
2014-05-02,18500.0
2014-05-06,2000.0
2014-05-07,22000.0
2014-05-08,27000.0
2014-05-09,30000.0
2014-05-12,46000.0
2014-05-13,59400.0
2014-05-14,45000.0
2014-05-15,45900.0
2014-05-16,16900.0
2014-05-19,42600.0
2014-05-20,82500.0
2014-05-21,26600.0
2014-05-22,49000.0
2014-05-23,19200.0
2014-05-26,75800.0
2014-05-27,90600.0
2014-05-28,38300.0
2014-05-29,86300.0
2014-05-30,59000.0
2014-06-02,115500.0
2014-06-03,90000.0
2014-06-04,91000.0
2014-06-05,81600.0
2014-06-06,27800.0
2014-06-09,65000.0
2014-06-10,45400.0
2014-06-11,49300.0
2014-06-12,55000.0
2014-06-13,145000.0
2014-06-16,61400.0
2014-06-17,19000.0
2014-06-18,84500.0
2014-06-19,47700.0
2014-06-20,40500.0
2014-06-23,79900.0
2014-06-24,60000.0
2014-06-25,96000.0
2014-06-26,92700.0
2014-06-27,133700.0
2014-06-29,20000.0
2014-06-30,148500.0
2014-07-01,50000.0
2014-07-02,32900.0
2014-07-03,104000.0
2014-07-04,12700.0
2014-07-07,76000.0
2014-07-08,37300.0
2014-07-09,19000.0
2014-07-10,92500.0
2014-07-11,62500.0
2014-07-14,125300.0
2014-07-15,23500.0
2014-07-16,54100.0
2014-07-17,25500.0
2014-07-18,29000.0
2014-07-22,83000.0
2014-07-23,32300.0
2014-07-24,58500.0
2014-07-25,53100.0
2014-07-28,34000.0
2014-07-29,30900.0
2014-07-30,112300.0
2014-07-31,79000.0
2014-08-01,57700.0
2014-08-04,53200.0
2014-08-05,90200.0
2014-08-06,212000.0
2014-08-07,82300.0
2014-08-08,15300.0
2014-08-11,81000.0
2014-08-15,35600.0
2014-08-18,54000.0
2014-08-19,91000.0
2014-08-20,36300.0
2014-08-21,49000.0
2014-08-22,50800.0
2014-08-25,88000.0
2014-08-26,61200.0
2014-08-27,37000.0
2014-08-28,8000.0
2014-08-29,214000.0
2014-09-01,139300.0
2014-09-02,31400.0
2014-09-03,63100.0
2014-09-04,79000.0
2014-09-05,65000.0
2014-09-08,42600.0
2014-09-09,18800.0
2014-09-10,78700.0
2014-09-11,82300.0
2014-09-12,154000.0
2014-09-16,130000.0
2014-09-17,59000.0
2014-09-18,525000.0
2014-09-19,96500.0
2014-09-22,54500.0
2014-09-24,55000.0
2014-09-25,89000.0
2014-09-26,80700.0
2014-09-29,68500.0
2014-09-30,18000.0
2014-10-01,68800.0
2014-10-02,90200.0
2014-10-03,69000.0
2014-10-06,55500.0
2014-10-07,57100.0
2014-10-08,91300.0
2014-10-09,50300.0
2014-10-10,135900.0
2014-10-14,121400.0
2014-10-15,31000.0
2014-10-16,132100.0
2014-10-17,41000.0
2014-10-20,153000.0
2014-10-21,39000.0
2014-10-22,121000.0
2014-10-23,133000.0
2014-10-24,52600.0
2014-10-27,47500.0
2014-10-28,129000.0
2014-10-29,79000.0
2014-10-30,53300.0
2014-10-31,43900.0
2014-11-04,150900.0
2014-11-05,59300.0
2014-11-06,60500.0
2014-11-07,132000.0
2014-11-10,59500.0
2014-11-11,91000.0
2014-11-12,106700.0
2014-11-13,164500.0
2014-11-14,99000.0
2014-11-17,129500.0
2014-11-18,113500.0
2014-11-19,19000.0
2014-11-20,26100.0
2014-11-21,66000.0
2014-11-25,115000.0
2014-11-26,22000.0
2014-11-27,38300.0
2014-11-28,51600.0
2014-12-01,92700.0
2014-12-02,53600.0
2014-12-03,86100.0
2014-12-04,66000.0
2014-12-05,20000.0
2014-12-08,97000.0
2014-12-09,54200.0
2014-12-10,90200.0
2014-12-11,64000.0
2014-12-12,73100.0
2014-12-15,115800.0
2014-12-16,110200.0
2014-12-17,134400.0
2014-12-18,29100.0
2014-12-19,193700.0
2014-12-22,37900.0
2014-12-24,72700.0
2014-12-25,66300.0
2014-12-26,10200.0
2015-01-05,80700.0
2015-01-06,21000.0
2015-01-07,49000.0
2015-01-08,86200.0
2015-01-09,16400.0
2015-01-13,70600.0
2015-01-14,121100.0
2015-01-15,123000.0
2015-01-16,66500.0
2015-01-19,73000.0
2015-01-20,73000.0
2015-01-21,102000.0
2015-01-22,70500.0
2015-01-23,65300.0
2015-01-26,10500.0
2015-01-27,42200.0
2015-01-28,76000.0
2015-01-29,76000.0
2015-01-30,83000.0
2015-02-02,54700.0
2015-02-03,119700.0
2015-02-04,100700.0
2015-02-05,25000.0
2015-02-06,92800.0
2015-02-09,48800.0
2015-02-10,220300.0
2015-02-12,55000.0
2015-02-13,53500.0
2015-02-16,45000.0
2015-02-17,28000.0
2015-02-18,85500.0
2015-02-19,50600.0
2015-02-20,33000.0
2015-02-23,72500.0
2015-02-24,87300.0
2015-02-25,40000.0
2015-02-26,103200.0
2015-02-27,67500.0
2015-03-02,69000.0
2015-03-03,51100.0
2015-03-04,70100.0
2015-03-05,45500.0
2015-03-06,34300.0
2015-03-09,16500.0
2015-03-10,77800.0
2015-03-11,54000.0
2015-03-12,76000.0
2015-03-13,68000.0
2015-03-16,137000.0
2015-03-17,96500.0
2015-03-18,29100.0
2015-03-19,95100.0
2015-03-23,38500.0
2015-03-24,113300.0
2015-03-25,79500.0
2015-03-26,105000.0
2015-03-27,88000.0
2015-03-30,98500.0
2015-03-31,109600.0
2015-04-01,58000.0
2015-04-02,72200.0
2015-04-03,70600.0
2015-04-06,88100.0
2015-04-07,87800.0
2015-04-08,19000.0
2015-04-09,45000.0
2015-04-10,69000.0
2015-04-13,117600.0
2015-04-14,31000.0
2015-04-15,86000.0
2015-04-16,65000.0
2015-04-17,37000.0
2015-04-20,28800.0
2015-04-21,49800.0
2015-04-22,120500.0
2015-04-23,68000.0
2015-04-24,61000.0
2015-04-27,146500.0
2015-04-28,45000.0
2015-04-29,0.0
2015-04-30,74800.0
2015-05-01,95300.0
2015-05-07,41500.0
2015-05-08,101200.0
2015-05-11,54500.0
2015-05-12,101000.0
2015-05-13,21500.0
2015-05-14,34500.0
2015-05-15,42000.0
2015-05-18,32000.0
2015-05-19,135000.0
2015-05-20,41100.0
2015-05-21,119400.0
2015-05-22,5200.0
2015-05-25,52100.0
2015-05-26,70300.0
2015-05-27,123100.0
2015-05-28,68500.0
2015-05-29,45000.0
2015-06-01,101500.0
2015-06-02,71100.0
2015-06-03,16200.0
2015-06-04,119500.0
2015-06-05,62000.0
2015-06-08,59500.0
2015-06-09,96000.0
2015-06-10,119500.0
2015-06-11,31900.0
2015-06-12,159600.0
2015-06-15,123000.0
2015-06-16,27600.0
2015-06-17,16300.0
2015-06-18,63300.0
2015-06-19,22600.0
2015-06-22,115300.0
2015-06-23,6400.0
2015-06-24,95000.0
2015-06-25,94700.0
2015-06-26,24500.0
2015-06-29,17500.0
2015-06-30,122300.0
2015-07-01,103900.0
2015-07-02,41300.0
2015-07-03,34400.0
2015-07-06,97500.0
2015-07-07,75700.0
2015-07-08,97500.0
2015-07-09,23000.0
2015-07-10,121000.0
2015-07-13,45500.0
2015-07-14,187700.0
2015-07-15,165100.0
2015-07-16,63400.0
2015-07-17,127600.0
2015-07-21,117800.0
2015-07-22,46200.0
2015-07-23,87000.0
2015-07-24,36000.0
2015-07-27,147600.0
2015-07-28,270600.0
2015-07-29,102300.0
2015-07-30,118000.0
2015-07-31,145400.0
2015-08-03,144500.0
2015-08-04,113100.0
2015-08-05,137000.0
2015-08-06,232000.0
2015-08-07,56200.0
2015-08-10,31000.0
2015-08-11,1000.0
2015-08-12,11000.0
2015-08-14,22000.0
2015-08-17,126200.0
2015-08-18,87900.0
2015-08-19,36300.0
2015-08-20,17500.0
2015-08-21,89900.0
2015-08-24,132300.0
2015-08-25,41900.0
2015-08-26,38500.0
2015-08-27,30000.0
2015-08-28,63400.0
2015-08-31,66000.0
2015-09-01,135800.0
2015-09-02,81000.0
2015-09-03,69300.0
2015-09-04,56000.0
2015-09-07,33000.0
2015-09-08,11300.0
2015-09-09,85000.0
2015-09-10,20300.0
2015-09-11,53100.0
2015-09-14,147300.0
2015-09-15,158200.0
2015-09-16,60100.0
2015-09-17,62000.0
2015-09-18,80100.0
2015-09-24,70500.0
2015-09-25,50600.0
2015-09-28,46500.0
2015-09-29,182900.0
2015-09-30,148200.0
2015-10-01,70000.0
2015-10-02,76000.0
2015-10-05,101000.0
2015-10-06,27200.0
2015-10-07,65200.0
2015-10-08,36500.0
2015-10-09,20000.0
2015-10-13,84700.0
2015-10-14,19500.0
2015-10-15,105000.0
2015-10-16,35500.0
2015-10-19,86600.0
2015-10-20,56400.0
2015-10-21,31000.0
2015-10-22,60200.0
2015-10-23,67100.0
2015-10-26,84000.0
2015-10-27,73200.0
2015-10-28,53100.0
2015-10-29,120600.0
2015-10-30,25000.0
2015-11-02,117400.0
2015-11-04,66800.0
2015-11-05,86500.0
2015-11-06,10800.0
2015-11-09,113000.0
2015-11-10,26000.0
2015-11-11,54700.0
2015-11-12,170000.0
2015-11-13,48700.0
2015-11-16,135000.0
2015-11-17,56000.0
2015-11-18,67200.0
2015-11-19,47300.0
2015-11-20,45700.0
2015-11-24,29800.0
2015-11-25,65600.0
2015-11-26,65000.0
2015-11-27,87000.0
2015-11-30,207300.0
2015-12-01,33800.0
2015-12-02,250500.0
2015-12-03,61000.0
2015-12-04,25000.0
2015-12-07,45000.0
2015-12-08,131000.0
2015-12-09,108000.0
2015-12-10,114000.0
2015-12-11,26100.0
2015-12-14,19400.0
2015-12-15,71600.0
2015-12-16,20000.0
2015-12-17,74100.0
2015-12-18,72000.0
2015-12-21,59000.0
2015-12-22,113900.0
2015-12-24,58000.0
2015-12-25,142600.0
2015-12-28,351000.0
2016-01-05,80200.0
2016-01-06,122600.0
2016-01-07,38000.0
2016-01-08,22000.0
2016-01-12,84200.0
2016-01-13,50700.0
2016-01-14,90100.0
2016-01-15,54000.0
2016-01-18,112000.0
2016-01-19,46100.0
2016-01-20,60200.0
2016-01-21,45900.0
2016-01-22,98400.0
2016-01-25,47100.0
2016-01-26,13200.0
2016-01-27,46600.0
2016-01-28,111000.0
2016-01-29,23700.0
2016-02-01,47800.0
2016-02-02,60000.0
2016-02-03,69500.0
2016-02-04,30000.0
2016-02-05,37000.0
2016-02-08,39900.0
2016-02-09,75300.0
2016-02-10,63500.0
2016-02-12,86600.0
2016-02-15,87000.0
2016-02-16,19100.0
2016-02-17,109200.0
2016-02-18,30900.0
2016-02-19,59100.0
2016-02-22,108800.0
2016-02-23,47800.0
2016-02-24,67000.0
2016-02-25,35700.0
2016-02-26,54000.0
2016-02-29,40100.0
2016-03-01,99200.0
2016-03-02,34400.0
2016-03-03,70100.0
2016-03-04,117300.0
2016-03-07,70300.0
2016-03-08,45100.0
2016-03-09,109000.0
2016-03-10,66100.0
2016-03-11,14700.0
2016-03-14,53000.0
2016-03-15,8500.0
2016-03-16,61300.0
2016-03-17,800.0
2016-03-18,36300.0
2016-03-22,91000.0
2016-03-23,91200.0
2016-03-24,68600.0
2016-03-25,102800.0
2016-03-28,91500.0
2016-03-29,88700.0
2016-03-30,115500.0
2016-03-31,201000.0
2016-04-01,83400.0
2016-04-04,50400.0
2016-04-05,71000.0
2016-04-06,85000.0
2016-04-07,76200.0
2016-04-08,4600.0
2016-04-11,97100.0
2016-04-12,86600.0
2016-04-13,47200.0
2016-04-14,73000.0
2016-04-15,20300.0
2016-04-18,57200.0
2016-04-19,96000.0
2016-04-20,32000.0
2016-04-21,31300.0
2016-04-22,140000.0
2016-04-25,77600.0
2016-04-26,64000.0
2016-04-27,40500.0
2016-04-28,47100.0
2016-05-02,50000.0
2016-05-06,130600.0
2016-05-09,106000.0
2016-05-10,20700.0
2016-05-11,115800.0
2016-05-12,45000.0
2016-05-13,37500.0
2016-05-16,98700.0
2016-05-17,107300.0
2016-05-18,37900.0
2016-05-19,12600.0
2016-05-20,59500.0
2016-05-23,100800.0
2016-05-24,77600.0
2016-05-25,25000.0
2016-05-26,29200.0
2016-05-27,57600.0
2016-05-30,100.0
2016-05-31,59100.0
2016-06-01,105000.0
2016-06-02,127700.0
2016-06-03,44000.0
2016-06-06,23300.0
2016-06-07,43400.0
2016-06-08,58000.0
2016-06-09,60000.0
2016-06-10,56400.0
2016-06-13,35800.0
2016-06-14,70500.0
2016-06-15,51000.0
2016-06-16,55100.0
2016-06-17,58100.0
2016-06-20,87100.0
2016-06-21,27000.0
2016-06-22,129300.0
2016-06-23,96000.0
2016-06-24,300.0
2016-06-27,78000.0
2016-06-28,66500.0
2016-06-29,49600.0
2016-06-30,220800.0
2016-07-01,33500.0
2016-07-04,40300.0
2016-07-05,72900.0
2016-07-06,22000.0
2016-07-07,123100.0
2016-07-08,110000.0
2016-07-11,51000.0
2016-07-12,103600.0
2016-07-13,28000.0
2016-07-14,110500.0
2016-07-15,54400.0
2016-07-19,23200.0
2016-07-20,58100.0
2016-07-21,71000.0
2016-07-22,97100.0
2016-07-25,62100.0
2016-07-26,49200.0
2016-07-27,114200.0
2016-07-28,100000.0
2016-07-29,126800.0
2016-08-01,114000.0
2016-08-02,45500.0
2016-08-03,94000.0
2016-08-04,37000.0
2016-08-05,20200.0
2016-08-08,82000.0
2016-08-09,1500.0
2016-08-10,138200.0
2016-08-15,1000.0
2016-08-16,22100.0
2016-08-17,7600.0
2016-08-18,100500.0
2016-08-19,143000.0
2016-08-22,133500.0
2016-08-23,63000.0
2016-08-24,38800.0
2016-08-25,61000.0
2016-08-26,17100.0
2016-08-29,49500.0
2016-08-30,102100.0
2016-08-31,87700.0
2016-09-01,40500.0
2016-09-02,122000.0
2016-09-05,67000.0
2016-09-06,17400.0
2016-09-07,3400.0
2016-09-08,58000.0
2016-09-09,28300.0
2016-09-12,49000.0
2016-09-13,89300.0
2016-09-14,155500.0
2016-09-15,74800.0
2016-09-16,25500.0
2016-09-20,66000.0
2016-09-21,83600.0
2016-09-23,138400.0
2016-09-26,70000.0
2016-09-27,155000.0
2016-09-28,96200.0
2016-09-29,228000.0
2016-09-30,80100.0
2016-10-03,77500.0
2016-10-04,129800.0
2016-10-05,21500.0
2016-10-06,77000.0
2016-10-07,36900.0
2016-10-11,71000.0
2016-10-12,10500.0
2016-10-13,39200.0
2016-10-14,100000.0
2016-10-17,100300.0
2016-10-18,46300.0
2016-10-19,88000.0
2016-10-20,62000.0
2016-10-21,145200.0
2016-10-24,84000.0
2016-10-25,26300.0
2016-10-26,81500.0
2016-10-27,77300.0
2016-10-28,23000.0
2016-10-30,5300.0
2016-10-31,47300.0
2016-11-01,85000.0
2016-11-02,72000.0
2016-11-04,82000.0
2016-11-07,97300.0
2016-11-08,178100.0
2016-11-09,107200.0
2016-11-10,68800.0
2016-11-11,64700.0
2016-11-14,42200.0
2016-11-15,86600.0
2016-11-16,47300.0
2016-11-17,57300.0
2016-11-18,85800.0
2016-11-21,230700.0
2016-11-22,30700.0
2016-11-24,164200.0
2016-11-25,83500.0
2016-11-27,0.0
2016-11-28,165900.0
2016-11-29,95100.0
2016-11-30,10400.0
2016-12-01,224000.0
2016-12-02,81100.0
2016-12-05,75500.0
2016-12-06,57500.0
2016-12-07,12200.0
2016-12-08,37400.0
2016-12-09,118000.0
2016-12-12,89600.0
2016-12-13,176000.0
2016-12-14,40800.0
2016-12-15,54500.0
2016-12-16,33200.0
2016-12-18,0.0
2016-12-19,160200.0
2016-12-20,33000.0
2016-12-21,119200.0
2016-12-22,92200.0
2016-12-25,0.0
2016-12-26,100000.0
2016-12-27,43000.0
2016-12-28,151000.0
2016-12-29,50000.0
